Timestamp,Prediction,Confidence
2025-04-09 16:43:55,No banana,49.21%
2025-04-09 16:43:55,No banana,49.46%
2025-04-09 16:43:55,No banana,57.48%
2025-04-09 16:43:56,Nendra,93.86%
2025-04-09 16:43:56,Nendra,93.45%
2025-04-09 16:43:56,Nendra,89.10%
2025-04-09 16:43:56,Nendra,93.84%
2025-04-09 16:43:56,Nendra,94.79%
2025-04-09 16:43:57,Nendra,82.29%
2025-04-09 16:43:57,Nendra,89.04%
2025-04-09 16:43:57,Nendra,96.41%
2025-04-09 16:43:57,Nendra,80.31%
2025-04-09 16:43:57,Nendra,84.52%
2025-04-09 16:43:57,Nendra,85.03%
2025-04-09 16:43:58,Nendra,88.66%
2025-04-09 16:43:58,Nendra,77.96%
2025-04-09 16:43:58,Nendra,82.51%
2025-04-09 16:43:58,No banana,68.50%
2025-04-09 16:43:58,No banana,60.86%
2025-04-09 16:43:59,Nendra,89.71%
2025-04-09 16:43:59,Nendra,89.84%
2025-04-09 16:43:59,Nendra,87.37%
2025-04-09 16:43:59,No banana,67.47%
2025-04-09 16:43:59,Nendra,87.74%
2025-04-09 16:43:59,Nendra,85.46%
2025-04-09 16:44:00,Nendra,75.86%
2025-04-09 16:44:00,No banana,69.02%
2025-04-09 16:44:00,No banana,44.99%
2025-04-09 16:44:00,No banana,68.43%
2025-04-09 16:44:00,Nendra,90.97%
2025-04-09 16:44:01,Nendra,93.05%
2025-04-09 16:44:01,Nendra,93.82%
2025-04-09 16:44:01,Nendra,81.50%
2025-04-09 16:44:01,Nendra,75.11%
2025-04-09 16:44:01,Nendra,73.64%
2025-04-09 16:44:01,No banana,67.16%
2025-04-09 16:44:02,Nendra,86.94%
2025-04-09 16:44:02,Nendra,83.22%
2025-04-09 16:44:02,Nendra,83.25%
2025-04-09 16:44:02,Nendra,70.61%
2025-04-09 16:44:02,No banana,48.78%
2025-04-09 16:44:03,Nendra,80.89%
2025-04-09 16:44:03,Nendra,76.94%
2025-04-09 16:44:03,Nendra,83.82%
2025-04-09 16:44:03,Nendra,73.17%
2025-04-09 16:44:03,Nendra,74.96%
2025-04-09 16:44:04,Nendra,70.74%
2025-04-09 16:44:04,No banana,52.42%
2025-04-09 16:44:04,No banana,44.75%
2025-04-09 16:44:04,No banana,66.48%
2025-04-09 16:44:04,No banana,37.67%
2025-04-09 16:44:04,Nendra,75.51%
2025-04-09 16:44:05,Nendra,89.04%
2025-04-09 16:44:05,Nendra,81.51%
2025-04-09 16:44:05,Nendra,89.00%
2025-04-09 16:44:05,No banana,49.64%
2025-04-09 16:44:05,No banana,51.64%
2025-04-09 16:44:06,No banana,45.96%
2025-04-09 16:44:06,No banana,34.76%
2025-04-09 16:44:06,Nendra,82.77%
2025-04-09 16:44:06,Nendra,72.46%
2025-04-09 16:44:06,Nendra,84.19%
2025-04-09 16:44:07,Nendra,89.35%
2025-04-09 16:44:07,No banana,59.01%
2025-04-09 16:44:07,Nendra,89.78%
2025-04-09 16:44:07,Nendra,73.54%
2025-04-09 16:44:07,No banana,48.33%
2025-04-09 16:44:07,No banana,47.15%
2025-04-09 16:44:08,No banana,60.39%
2025-04-09 16:44:08,Nendra,81.95%
2025-04-09 16:44:08,No banana,68.57%
2025-04-09 16:44:08,No banana,61.06%
2025-04-09 16:44:08,No banana,61.65%
2025-04-09 16:44:08,Nendra,86.88%
2025-04-09 16:44:08,No banana,57.13%
2025-04-09 16:44:09,Nendra,91.33%
2025-04-09 16:44:09,Nendra,91.76%
2025-04-09 16:44:09,Nendra,75.95%
2025-04-09 16:44:09,No banana,65.07%
2025-04-09 16:44:09,Nendra,92.59%
2025-04-09 16:44:10,Nendra,94.00%
2025-04-09 16:44:10,Nendra,96.30%
2025-04-09 16:44:10,Mysuru,70.55%
2025-04-09 16:44:10,No banana,57.74%
2025-04-09 16:44:10,No banana,31.25%
2025-04-09 16:44:11,No banana,54.01%
2025-04-09 16:44:11,No banana,67.20%
2025-04-09 16:44:11,No banana,43.10%
2025-04-09 16:44:11,No banana,47.24%
2025-04-09 16:44:11,Cavendish (green),70.70%
2025-04-09 16:44:11,No banana,42.18%
2025-04-09 16:44:12,Cavendish (green),90.86%
2025-04-09 16:44:12,No banana,36.57%
2025-04-09 16:44:12,No banana,53.99%
2025-04-09 16:44:12,No banana,24.70%
2025-04-09 16:44:12,No banana,63.20%
2025-04-09 16:44:13,Cavendish (green),77.96%
2025-04-09 16:44:13,Kayi budi,87.28%
2025-04-09 16:44:13,No banana,46.24%
2025-04-09 16:44:13,No banana,36.69%
2025-04-09 16:44:13,No banana,35.28%
2025-04-09 16:44:13,No banana,56.47%
2025-04-09 16:44:14,No banana,42.83%
2025-04-09 16:44:14,No banana,60.18%
2025-04-09 16:44:14,Cavendish (green),72.67%
2025-04-09 16:44:14,Cavendish (green),79.75%
2025-04-09 16:44:14,No banana,49.86%
2025-04-09 16:44:15,Cavendish (green),89.19%
2025-04-09 16:44:15,Cavendish (green),98.40%
2025-04-09 16:44:15,Cavendish (green),91.73%
2025-04-09 16:44:15,Cavendish (green),73.32%
2025-04-09 16:44:16,Cavendish (green),75.08%
2025-04-09 16:44:16,No banana,45.11%
2025-04-09 16:44:16,Cavendish (green),72.50%
2025-04-09 16:44:16,No banana,57.81%
2025-04-09 16:44:16,No banana,68.62%
2025-04-09 16:44:16,Cavendish (green),73.78%
2025-04-09 16:44:16,No banana,61.62%
2025-04-09 16:44:17,No banana,61.04%
2025-04-09 16:44:17,No banana,60.43%
2025-04-09 16:44:17,No banana,69.37%
2025-04-09 16:44:17,Cavendish (green),75.24%
2025-04-09 16:44:17,Cavendish (green),95.48%
2025-04-09 16:44:18,Cavendish (green),95.91%
2025-04-09 16:44:18,Cavendish (green),92.81%
2025-04-09 16:44:18,Cavendish (green),92.24%
2025-04-09 16:44:18,No banana,59.31%
2025-04-09 16:44:18,Cavendish (green),77.18%
2025-04-09 16:44:18,No banana,68.18%
2025-04-09 16:44:18,Cavendish (green),78.08%
2025-04-09 16:44:19,Cavendish (green),84.49%
2025-04-09 16:44:19,Cavendish (green),81.67%
2025-04-09 16:44:19,Cavendish (green),77.27%
2025-04-09 16:44:19,Cavendish (green),85.86%
2025-04-09 16:44:19,Cavendish (green),85.66%
2025-04-09 16:44:19,Cavendish (green),84.93%
2025-04-09 16:44:20,Cavendish (green),93.39%
2025-04-09 16:44:20,Cavendish (green),95.12%
2025-04-09 16:44:20,Cavendish (green),93.45%
2025-04-09 16:44:20,Cavendish (green),94.24%
2025-04-09 16:44:20,Cavendish (green),92.60%
2025-04-09 16:44:20,Cavendish (green),92.47%
2025-04-09 16:44:21,Cavendish (green),94.15%
2025-04-09 16:44:21,Cavendish (green),88.59%
2025-04-09 16:44:21,Cavendish (green),84.38%
2025-04-09 16:44:21,Cavendish (green),91.40%
2025-04-09 16:44:21,Cavendish (green),86.99%
2025-04-09 16:44:22,Cavendish (green),84.91%
2025-04-09 16:44:22,Cavendish (green),81.61%
2025-04-09 16:44:22,Cavendish (green),89.45%
2025-04-09 16:44:22,Cavendish (green),84.38%
2025-04-09 16:44:22,Cavendish (green),89.37%
2025-04-09 16:44:22,Cavendish (green),83.73%
2025-04-09 16:44:23,Cavendish (green),82.90%
2025-04-09 16:44:23,Kayi budi,71.30%
2025-04-09 16:44:23,No banana,52.11%
2025-04-09 16:44:23,No banana,64.94%
2025-04-09 16:44:23,No banana,45.37%
2025-04-09 16:44:24,No banana,66.45%
2025-04-09 16:44:24,Mysuru,83.11%
2025-04-09 16:44:24,No banana,45.97%
2025-04-09 16:44:24,No banana,50.65%
2025-04-09 16:44:24,No banana,47.60%
2025-04-09 16:44:25,No banana,64.06%
2025-04-09 16:44:25,No banana,45.94%
2025-04-09 16:44:25,No banana,53.24%
2025-04-09 16:44:25,No banana,66.95%
2025-04-09 16:44:25,Kayi budi,84.27%
2025-04-09 16:44:25,Kayi budi,75.39%
2025-04-09 16:44:26,No banana,66.29%
2025-04-09 16:44:26,No banana,43.29%
2025-04-09 16:44:26,No banana,52.20%
2025-04-09 16:44:26,No banana,67.10%
2025-04-09 16:44:26,No banana,49.01%
2025-04-09 16:44:27,No banana,43.76%
2025-04-09 16:44:27,Mysuru,72.86%
2025-04-09 16:44:27,Mysuru,73.63%
2025-04-09 16:44:27,No banana,56.29%
2025-04-09 16:44:27,Mysuru,83.48%
2025-04-09 16:44:27,No banana,57.16%
2025-04-09 16:44:28,Mysuru,72.51%
2025-04-09 16:44:28,No banana,50.21%
2025-04-09 16:44:28,Mysuru,71.51%
2025-04-09 16:44:28,No banana,42.50%
2025-04-09 16:44:28,No banana,50.21%
2025-04-09 16:44:28,No banana,30.66%
2025-04-09 16:44:29,No banana,22.64%
2025-04-09 16:44:29,No banana,51.73%
2025-04-09 16:44:29,Nendra,93.20%
2025-04-09 16:44:29,No banana,49.70%
2025-04-09 16:44:29,No banana,60.65%
2025-04-09 16:44:29,No banana,48.96%
2025-04-09 16:44:30,No banana,33.98%
2025-04-09 16:44:30,No banana,57.07%
2025-04-09 16:44:30,No banana,49.01%
2025-04-09 16:44:30,Kadoli,97.68%
2025-04-09 16:44:30,Budi,80.19%
2025-04-09 16:44:30,Nendra,78.08%
2025-04-09 16:44:31,Nendra,80.48%
2025-04-09 16:44:31,No banana,51.05%
2025-04-09 16:44:31,Budi,77.69%
2025-04-09 16:44:31,Budi,91.86%
2025-04-09 16:44:31,Budi,92.77%
2025-04-09 16:44:32,Budi,95.86%
2025-04-09 16:44:32,No banana,57.80%
2025-04-09 16:44:32,No banana,51.46%
2025-04-09 16:44:32,Budi,84.39%
2025-04-09 16:44:32,No banana,53.98%
2025-04-09 16:44:33,Budi,91.22%
2025-04-09 16:44:33,Budi,84.01%
2025-04-09 16:44:33,Budi,87.16%
2025-04-09 16:44:33,Budi,94.23%
2025-04-09 16:44:33,Budi,96.83%
2025-04-09 16:44:34,Budi,90.56%
2025-04-09 16:44:34,Budi,92.36%
2025-04-09 16:44:34,Budi,96.03%
2025-04-09 16:44:34,Budi,94.54%
2025-04-09 16:44:34,Budi,91.86%
2025-04-09 16:44:35,Budi,97.01%
2025-04-09 16:44:35,Budi,87.17%
2025-04-09 16:44:35,No banana,68.28%
2025-04-09 16:44:35,No banana,65.93%
2025-04-09 16:44:35,No banana,58.16%
2025-04-09 16:44:35,No banana,39.32%
2025-04-09 16:44:36,Mysuru,74.78%
2025-04-09 16:44:36,Mysuru,84.65%
2025-04-09 16:44:36,No banana,62.92%
2025-04-09 16:44:36,No banana,54.26%
2025-04-09 16:44:37,No banana,64.30%
2025-04-09 16:44:37,Kayi budi,70.82%
2025-04-09 16:44:37,Kayi budi,83.11%
2025-04-09 16:44:37,No banana,66.39%
2025-04-09 16:44:37,No banana,60.40%
2025-04-09 16:44:37,Kayi budi,75.24%
2025-04-09 16:44:38,Kayi budi,84.21%
2025-04-09 16:44:38,No banana,47.52%
2025-04-09 16:44:38,Kayi budi,77.90%
2025-04-09 16:44:38,Kayi budi,77.17%
2025-04-09 16:44:38,Kayi budi,78.63%
2025-04-09 16:44:39,No banana,52.89%
2025-04-09 16:44:39,No banana,47.67%
2025-04-09 16:44:39,No banana,65.95%
2025-04-09 16:44:39,No banana,68.90%
2025-04-09 16:44:39,No banana,62.03%
2025-04-09 16:44:39,No banana,66.95%
2025-04-09 16:44:40,Kayi budi,76.97%
2025-04-09 16:44:40,No banana,59.99%
2025-04-09 16:44:40,No banana,67.01%
2025-04-09 16:44:40,Kayi budi,72.52%
2025-04-09 16:44:40,Kayi budi,74.75%
2025-04-09 16:44:40,No banana,66.52%
2025-04-09 16:44:40,No banana,51.48%
2025-04-09 16:44:41,No banana,55.57%
2025-04-09 16:44:41,Kayi budi,72.90%
2025-04-09 16:44:41,No banana,58.92%
2025-04-09 16:44:41,No banana,45.44%
2025-04-09 16:44:42,No banana,56.87%
2025-04-09 16:44:42,No banana,53.69%
2025-04-09 16:44:42,No banana,29.80%
2025-04-09 16:44:42,No banana,57.58%
2025-04-09 16:44:42,No banana,46.13%
2025-04-09 16:44:42,No banana,51.87%
2025-04-09 16:44:43,No banana,53.72%
2025-04-09 16:44:43,No banana,68.54%
2025-04-09 16:44:43,No banana,54.18%
2025-04-09 16:44:43,No banana,51.48%
2025-04-09 16:44:43,No banana,50.63%
2025-04-09 16:44:43,No banana,50.70%
2025-04-09 16:44:44,No banana,65.79%
2025-04-09 16:44:44,Chandra bale,96.79%
2025-04-09 16:44:44,No banana,65.15%
2025-04-09 16:44:44,Chandra bale,96.29%
2025-04-09 16:44:44,Chandra bale,90.55%
2025-04-09 16:44:44,Chandra bale,94.31%
2025-04-09 16:44:45,Chandra bale,90.84%
2025-04-09 16:44:45,Chandra bale,89.76%
2025-04-09 16:44:45,Chandra bale,74.54%
2025-04-09 16:44:45,No banana,69.45%
2025-04-09 16:44:45,Chandra bale,71.37%
2025-04-09 16:44:46,Chandra bale,85.65%
2025-04-09 16:44:46,No banana,67.73%
2025-04-09 16:44:46,No banana,68.33%
2025-04-09 16:44:46,Chandra bale,73.03%
2025-04-09 16:44:47,Chandra bale,99.90%
2025-04-09 16:44:47,No banana,55.19%
2025-04-09 16:44:47,No banana,35.22%
2025-04-09 16:44:47,Mysuru,79.97%
2025-04-09 16:44:47,Kayi budi,75.59%
2025-04-09 16:44:48,No banana,57.69%
2025-04-09 16:44:48,No banana,58.94%
2025-04-09 16:44:48,No banana,57.55%
2025-04-09 16:44:48,No banana,57.66%
2025-04-09 16:44:48,Kayi budi,81.55%
2025-04-09 16:44:49,No banana,67.67%
2025-04-09 16:44:49,Kayi budi,88.09%
2025-04-09 16:44:49,Kayi budi,71.75%
2025-04-09 16:44:49,Kayi budi,85.73%
2025-04-09 16:44:49,Kayi budi,88.93%
2025-04-09 16:44:50,Kayi budi,79.28%
2025-04-09 16:44:50,Kayi budi,83.74%
2025-04-09 16:44:50,Kayi budi,85.44%
2025-04-09 16:44:50,Kayi budi,83.57%
2025-04-09 16:44:50,Kayi budi,87.97%
2025-04-09 16:44:50,Kayi budi,89.60%
2025-04-09 16:44:51,Kayi budi,73.33%
2025-04-09 16:44:51,No banana,46.27%
2025-04-09 16:44:51,No banana,64.18%
2025-04-09 16:44:51,Mysuru,70.59%
2025-04-09 16:44:51,No banana,46.37%
2025-04-09 16:44:52,No banana,45.23%
2025-04-09 16:44:52,No banana,57.19%
2025-04-09 16:44:52,No banana,41.94%
2025-04-09 16:44:52,No banana,47.51%
2025-04-09 16:44:52,No banana,56.48%
2025-04-09 16:44:53,No banana,40.16%
2025-04-09 16:44:53,No banana,42.93%
2025-04-09 16:44:53,No banana,38.38%
2025-04-09 16:44:53,No banana,45.46%
2025-04-09 16:44:53,No banana,62.15%
2025-04-09 16:44:53,No banana,36.32%
2025-04-09 16:44:54,Nendra,76.24%
2025-04-09 16:44:54,No banana,56.47%
2025-04-09 16:44:54,Nendra,83.49%
2025-04-09 16:44:54,Nendra,99.16%
2025-04-09 16:44:54,Nendra,82.71%
2025-04-09 16:44:55,Nendra,83.70%
2025-04-09 16:44:55,Nendra,95.69%
2025-04-09 16:44:55,Nendra,97.12%
2025-04-09 16:44:55,Nendra,90.95%
2025-04-09 16:44:55,No banana,64.54%
2025-04-09 16:44:55,Nendra,95.03%
2025-04-09 16:44:56,No banana,51.52%
2025-04-09 16:44:56,No banana,51.38%
2025-04-09 16:44:56,No banana,56.51%
2025-04-09 16:44:56,No banana,63.09%
2025-04-09 16:44:56,Nendra,78.98%
2025-04-09 16:44:56,Nendra,88.09%
2025-04-09 16:44:57,Nendra,88.21%
2025-04-09 16:44:57,Nendra,96.37%
2025-04-09 16:44:57,Nendra,97.99%
2025-04-09 16:44:57,Nendra,94.77%
2025-04-09 16:44:57,Nendra,93.54%
2025-04-09 16:44:58,Nendra,92.85%
2025-04-09 16:44:58,No banana,64.96%
2025-04-09 16:44:58,Nendra,78.45%
2025-04-09 16:44:58,Nendra,89.78%
2025-04-09 16:44:58,Gali,73.03%
2025-04-09 16:44:59,No banana,33.28%
2025-04-09 16:44:59,No banana,55.25%
2025-04-09 16:44:59,No banana,44.35%
2025-04-09 16:44:59,No banana,66.66%
2025-04-09 16:44:59,Mysuru,88.58%
2025-04-09 16:44:59,No banana,66.40%
2025-04-09 16:44:59,No banana,50.81%
2025-04-09 16:45:00,No banana,65.40%
2025-04-09 16:45:00,Mysuru,74.78%
2025-04-09 16:45:00,No banana,22.87%
2025-04-09 16:45:00,Mysuru,95.84%
2025-04-09 16:45:00,Mysuru,87.23%
2025-04-09 16:45:01,No banana,40.17%
2025-04-09 16:45:01,Chandra bale,86.02%
2025-04-09 16:45:01,Chandra bale,97.68%
2025-04-09 16:45:01,Chandra bale,73.84%
2025-04-09 16:45:01,Chandra bale,84.77%
2025-04-09 16:45:01,No banana,49.01%
2025-04-09 16:45:02,Nendra,83.82%
2025-04-09 16:45:02,Nendra,99.33%
2025-04-09 16:45:02,Nendra,97.82%
2025-04-09 16:45:02,No banana,68.87%
2025-04-09 16:45:02,No banana,57.72%
2025-04-09 16:45:02,Nendra,85.43%
2025-04-09 16:45:03,Nendra,99.40%
2025-04-09 16:45:03,Nendra,97.78%
2025-04-09 16:45:03,Nendra,99.03%
2025-04-09 16:45:03,Nendra,99.59%
2025-04-09 16:45:03,Nendra,99.24%
2025-04-09 16:45:03,Nendra,99.32%
2025-04-09 16:45:04,Nendra,94.61%
2025-04-09 16:45:04,Nendra,75.56%
2025-04-09 16:45:04,No banana,47.91%
2025-04-09 16:45:04,Nendra,97.69%
2025-04-09 16:45:04,Nendra,99.20%
2025-04-09 16:45:05,Nendra,93.39%
2025-04-09 16:45:05,Nendra,85.81%
2025-04-09 16:45:05,Nendra,83.61%
2025-04-09 16:45:05,Nendra,79.54%
2025-04-09 16:45:05,Nendra,74.07%
2025-04-09 16:45:05,No banana,61.37%
2025-04-09 16:45:06,Nendra,87.10%
2025-04-09 16:45:06,No banana,67.30%
2025-04-09 16:45:06,No banana,69.51%
2025-04-09 16:45:06,No banana,43.25%
2025-04-09 16:45:06,Nendra,75.01%
2025-04-09 16:45:07,No banana,61.48%
2025-04-09 16:45:07,No banana,63.85%
2025-04-09 16:45:07,Mysuru,70.08%
2025-04-09 16:45:07,No banana,57.97%
2025-04-09 16:45:07,No banana,44.48%
2025-04-09 16:45:07,No banana,36.73%
2025-04-09 16:45:08,No banana,48.41%
2025-04-09 16:45:08,No banana,40.32%
2025-04-09 16:45:08,No banana,51.90%
2025-04-09 16:45:08,Mysuru,95.70%
2025-04-09 16:45:08,No banana,42.25%
2025-04-09 16:45:08,Nendra,89.53%
2025-04-09 16:45:09,Nendra,93.86%
2025-04-09 16:45:09,Nendra,90.34%
2025-04-09 16:45:09,Nendra,83.53%
2025-04-09 16:45:09,Nendra,95.24%
2025-04-09 16:45:09,Nendra,94.56%
2025-04-09 16:45:09,No banana,54.07%
2025-04-09 16:45:10,No banana,49.37%
2025-04-09 16:45:10,Nendra,96.92%
2025-04-09 16:45:10,Nendra,93.32%
2025-04-09 16:45:10,Nendra,99.94%
2025-04-09 16:45:10,Nendra,99.71%
2025-04-09 16:45:10,Nendra,99.98%
2025-04-09 16:45:11,Nendra,99.93%
2025-04-09 16:45:11,Nendra,94.45%
2025-04-09 16:45:11,Nendra,98.99%
2025-04-09 16:45:11,Nendra,96.84%
2025-04-09 16:45:11,Nendra,96.19%
2025-04-09 16:45:11,Nendra,89.88%
2025-04-09 16:45:11,Nendra,85.31%
2025-04-09 16:45:12,Nendra,98.45%
2025-04-09 16:45:12,Nendra,99.02%
2025-04-09 16:45:12,No banana,66.39%
2025-04-09 16:45:12,Nendra,99.63%
2025-04-09 16:45:12,Nendra,99.85%
2025-04-09 16:45:13,Nendra,99.52%
2025-04-09 16:45:13,Nendra,99.92%
2025-04-09 16:45:13,Nendra,99.77%
2025-04-09 16:45:13,Nendra,99.57%
2025-04-09 16:45:13,Nendra,98.73%
2025-04-09 16:45:13,Nendra,99.76%
2025-04-09 16:45:14,Nendra,99.97%
2025-04-09 16:45:14,Nendra,97.69%
2025-04-09 16:45:14,No banana,40.27%
2025-04-09 16:45:14,Mysuru,71.91%
2025-04-09 16:45:14,Nendra,89.09%
2025-04-09 16:45:15,Nendra,92.68%
2025-04-09 16:45:15,Nendra,95.77%
2025-04-09 16:45:15,Nendra,98.47%
2025-04-09 16:45:15,Nendra,95.21%
2025-04-09 16:45:15,Nendra,84.62%
2025-04-09 16:45:15,No banana,67.08%
2025-04-09 16:45:16,No banana,51.10%
2025-04-09 16:45:16,No banana,59.34%
2025-04-09 16:45:16,Sambar bale,74.43%
2025-04-09 16:45:16,Sambar bale,81.93%
2025-04-09 16:45:16,Nendra,97.70%
2025-04-09 16:45:16,Nendra,98.75%
2025-04-09 16:45:17,No banana,31.04%
2025-04-09 16:45:17,No banana,52.96%
2025-04-09 16:45:17,No banana,47.00%
2025-04-09 16:45:17,Nendra,98.44%
2025-04-09 16:45:17,Nendra,99.89%
2025-04-09 16:45:18,Sambar bale,81.24%
2025-04-09 16:45:18,Nendra,96.19%
2025-04-09 16:45:18,No banana,63.97%
2025-04-09 16:45:18,Nendra,90.62%
2025-04-09 16:45:18,No banana,49.84%
2025-04-09 16:45:19,No banana,52.22%
2025-04-09 16:45:19,Nendra,90.16%
2025-04-09 16:45:19,Nendra,98.77%
2025-04-09 16:45:19,Nendra,98.68%
2025-04-09 16:45:19,Nendra,99.58%
2025-04-09 16:45:20,Nendra,96.05%
2025-04-09 16:45:20,Nendra,95.34%
2025-04-09 16:45:20,No banana,57.33%
2025-04-09 16:45:20,No banana,55.24%
2025-04-09 16:45:20,Nendra,86.99%
2025-04-09 16:45:20,No banana,41.73%
2025-04-09 16:45:21,No banana,41.66%
2025-04-09 16:45:21,No banana,20.02%
2025-04-09 16:45:21,No banana,36.88%
2025-04-09 16:45:21,No banana,51.40%
2025-04-09 16:45:21,No banana,54.64%
2025-04-09 16:45:22,No banana,66.23%
2025-04-09 16:45:22,No banana,61.80%
2025-04-09 16:45:22,No banana,54.01%
2025-04-09 16:45:22,No banana,56.40%
2025-04-09 16:45:22,No banana,69.69%
2025-04-09 16:45:22,No banana,60.66%
2025-04-09 16:45:23,No banana,64.93%
2025-04-09 16:45:23,No banana,69.55%
2025-04-09 16:45:23,No banana,65.82%
2025-04-09 16:45:23,No banana,62.61%
2025-04-09 16:45:23,No banana,36.88%
2025-04-09 16:45:23,No banana,34.88%
2025-04-09 16:45:24,No banana,48.23%
2025-04-09 16:45:24,No banana,48.57%
2025-04-09 16:45:24,No banana,48.02%
2025-04-09 16:45:24,No banana,37.10%
2025-04-09 16:45:24,No banana,60.22%
2025-04-09 16:45:25,No banana,32.94%
2025-04-09 16:45:25,No banana,34.64%
2025-04-09 16:45:25,No banana,34.48%
2025-04-09 16:45:25,No banana,25.98%
2025-04-09 16:45:25,No banana,34.59%
2025-04-09 16:45:25,No banana,37.72%
2025-04-09 16:45:26,No banana,38.53%
2025-04-09 16:45:26,Mysuru,71.44%
2025-04-09 16:45:26,No banana,66.37%
2025-04-09 16:45:26,No banana,35.29%
2025-04-09 16:45:26,No banana,26.89%
2025-04-09 16:45:27,No banana,55.11%
2025-04-09 16:45:27,No banana,66.19%
2025-04-09 16:45:27,No banana,62.60%
2025-04-09 16:45:27,Nendra,96.41%
2025-04-09 16:45:27,Nendra,97.01%
2025-04-09 16:45:27,Nendra,98.51%
2025-04-09 16:45:28,Nendra,99.56%
2025-04-09 16:45:28,Nendra,98.60%
2025-04-09 16:45:28,Nendra,87.52%
2025-04-09 16:45:28,Nendra,99.27%
2025-04-09 16:45:28,Nendra,99.70%
2025-04-09 16:45:29,Nendra,99.88%
2025-04-09 16:45:29,Nendra,99.87%
2025-04-09 16:45:29,Nendra,98.59%
2025-04-09 16:45:29,Nendra,88.19%
2025-04-09 16:45:29,Nendra,85.22%
2025-04-09 16:45:30,Nendra,85.37%
2025-04-09 16:45:30,Nendra,89.68%
2025-04-09 16:45:30,Nendra,97.47%
2025-04-09 16:45:30,Nendra,96.91%
2025-04-09 16:45:30,Nendra,94.98%
2025-04-09 16:45:30,No banana,51.54%
2025-04-09 16:45:31,No banana,68.92%
2025-04-09 16:45:31,No banana,56.91%
2025-04-09 16:45:31,No banana,51.17%
2025-04-09 16:45:31,Nendra,89.92%
2025-04-09 16:45:31,No banana,43.56%
2025-04-09 16:45:32,No banana,45.11%
2025-04-09 16:45:32,Nendra,71.22%
2025-04-09 16:45:32,No banana,62.38%
2025-04-09 16:45:32,Kadoli,74.13%
2025-04-09 16:45:32,No banana,60.60%
2025-04-09 16:45:32,No banana,60.83%
2025-04-09 16:45:33,Nendra,74.67%
2025-04-09 16:45:33,No banana,58.62%
2025-04-09 16:45:33,No banana,63.11%
2025-04-09 16:45:33,No banana,62.34%
2025-04-09 16:45:33,No banana,50.47%
2025-04-09 16:45:33,No banana,65.67%
2025-04-09 16:45:34,No banana,55.97%
2025-04-09 16:45:34,No banana,51.49%
2025-04-09 16:45:34,No banana,48.01%
2025-04-09 16:45:34,No banana,42.51%
2025-04-09 16:45:34,No banana,52.35%
2025-04-09 16:45:35,No banana,50.37%
2025-04-09 16:45:35,No banana,48.03%
2025-04-09 16:45:35,No banana,47.98%
2025-04-09 16:45:35,No banana,67.80%
2025-04-09 16:45:35,Kadoli,93.72%
2025-04-09 16:45:35,Kadoli,96.40%
2025-04-09 16:45:36,Kadoli,82.84%
2025-04-09 16:45:36,No banana,59.09%
2025-04-09 16:45:36,No banana,63.02%
2025-04-09 16:45:36,No banana,68.62%
2025-04-09 16:45:36,No banana,68.99%
2025-04-09 16:45:37,No banana,61.15%
2025-04-09 16:45:37,Kadoli,80.46%
2025-04-09 16:45:37,Kadoli,76.50%
2025-04-09 16:45:37,No banana,59.80%
2025-04-09 16:45:37,Kadoli,79.91%
2025-04-09 16:45:37,Kadoli,85.81%
2025-04-09 16:45:38,Kadoli,80.90%
2025-04-09 16:45:38,Kadoli,86.86%
2025-04-09 16:45:38,Kadoli,79.30%
2025-04-09 16:45:38,Kadoli,74.19%
2025-04-09 16:45:38,Kadoli,81.85%
2025-04-09 16:45:38,Kadoli,83.58%
2025-04-09 16:45:39,Kadoli,73.82%
2025-04-09 16:45:39,Kadoli,87.96%
2025-04-09 16:45:39,No banana,53.28%
2025-04-09 16:45:39,No banana,64.04%
2025-04-09 16:45:39,No banana,64.23%
2025-04-09 16:45:39,Kadoli,86.29%
2025-04-09 16:45:40,Kadoli,79.99%
2025-04-09 16:45:40,No banana,60.91%
2025-04-09 16:45:40,No banana,58.60%
2025-04-09 16:45:40,No banana,41.17%
2025-04-09 16:45:40,No banana,46.68%
2025-04-09 16:45:40,No banana,48.59%
2025-04-09 16:45:41,No banana,65.10%
2025-04-09 16:45:41,No banana,60.83%
2025-04-09 16:45:41,Kadoli,71.21%
2025-04-09 16:45:41,Kadoli,84.53%
2025-04-09 16:45:41,Kadoli,87.92%
2025-04-09 16:45:42,Kadoli,91.50%
2025-04-09 16:45:42,Kadoli,73.28%
2025-04-09 16:45:42,Kadoli,88.31%
2025-04-09 16:45:42,Kadoli,98.80%
2025-04-09 16:45:42,Kadoli,85.25%
2025-04-09 16:45:43,Kadoli,94.06%
2025-04-09 16:45:43,Kadoli,95.50%
2025-04-09 16:45:43,Kadoli,85.10%
2025-04-09 16:45:43,Kadoli,92.92%
2025-04-09 16:45:43,Kadoli,96.55%
2025-04-09 16:45:44,Kadoli,95.59%
2025-04-09 16:45:44,Kadoli,93.02%
2025-04-09 16:45:44,No banana,45.47%
2025-04-09 16:45:44,No banana,29.03%
2025-04-09 16:45:44,No banana,24.72%
2025-04-09 16:45:45,No banana,65.70%
2025-04-09 16:45:45,No banana,65.17%
2025-04-09 16:45:45,Kayi budi,72.70%
2025-04-09 16:45:45,Kayi budi,80.05%
2025-04-09 16:45:45,Kayi budi,71.29%
2025-04-09 16:45:45,Kayi budi,76.63%
2025-04-09 16:45:46,Kayi budi,70.81%
2025-04-09 16:45:46,No banana,63.29%
2025-04-09 16:45:46,Kayi budi,72.93%
2025-04-09 16:45:46,No banana,59.00%
2025-04-09 16:45:47,Kayi budi,73.57%
2025-04-09 16:45:47,No banana,62.11%
2025-04-09 16:45:47,No banana,51.12%
2025-04-09 16:45:47,No banana,61.67%
2025-04-09 16:45:47,No banana,59.02%
2025-04-09 16:45:48,No banana,46.93%
2025-04-09 16:45:48,No banana,36.32%
2025-04-09 16:45:48,No banana,48.44%
2025-04-09 16:45:48,No banana,59.20%
2025-04-09 16:45:48,No banana,49.72%
2025-04-09 16:45:48,No banana,63.16%
2025-04-09 16:45:49,Nendra,90.47%
2025-04-09 16:45:49,Nendra,84.47%
2025-04-09 16:45:49,Nendra,92.41%
2025-04-09 16:45:49,Nendra,96.71%
2025-04-09 16:45:49,Nendra,98.67%
2025-04-09 16:45:50,No banana,55.55%
2025-04-09 16:45:50,Kayi budi,84.46%
2025-04-09 16:45:50,No banana,58.11%
2025-04-09 16:45:50,No banana,53.14%
2025-04-09 16:45:50,Nendra,77.65%
2025-04-09 16:45:50,No banana,54.45%
2025-04-09 16:45:51,Kayi budi,77.61%
2025-04-09 16:45:51,Kayi budi,80.95%
2025-04-09 16:45:51,No banana,56.13%
2025-04-09 16:45:51,Kayi budi,70.54%
2025-04-09 16:45:51,Kayi budi,75.20%
2025-04-09 16:45:52,Kayi budi,89.93%
2025-04-09 16:45:52,Kayi budi,86.83%
2025-04-09 16:45:52,No banana,55.49%
2025-04-09 16:45:52,No banana,51.45%
2025-04-09 16:45:52,No banana,65.67%
2025-04-09 16:45:52,Kayi budi,71.14%
2025-04-09 16:45:53,No banana,52.85%
2025-04-09 16:45:53,Kayi budi,71.11%
2025-04-09 16:45:53,No banana,65.58%
2025-04-09 16:45:53,No banana,65.58%
2025-04-09 16:45:53,No banana,55.06%
2025-04-09 16:45:53,No banana,56.36%
2025-04-09 16:45:54,No banana,30.07%
2025-04-09 16:45:54,No banana,36.71%
2025-04-09 16:45:54,No banana,41.86%
2025-04-09 16:45:54,No banana,30.96%
2025-04-09 16:45:54,No banana,39.06%
2025-04-09 16:45:54,No banana,36.51%
2025-04-09 16:45:55,No banana,37.74%
2025-04-09 16:45:55,No banana,49.29%
2025-04-09 16:45:55,No banana,38.90%
2025-04-09 16:45:55,No banana,38.25%
2025-04-09 16:45:55,No banana,43.44%
2025-04-09 16:45:55,No banana,44.05%
2025-04-09 16:45:56,No banana,37.65%
2025-04-09 16:45:56,No banana,37.74%
2025-04-09 16:45:56,No banana,41.20%
2025-04-09 16:45:56,No banana,42.70%
2025-04-09 16:45:56,No banana,34.06%
2025-04-09 16:45:56,No banana,61.12%
2025-04-09 16:45:57,No banana,45.01%
2025-04-09 16:45:57,No banana,49.13%
2025-04-09 16:45:57,No banana,51.63%
2025-04-09 16:45:57,No banana,51.62%
2025-04-09 16:45:57,No banana,56.70%
2025-04-09 16:45:58,No banana,39.19%
2025-04-09 16:45:58,No banana,39.44%
2025-04-09 16:45:58,No banana,55.79%
2025-04-09 16:45:58,No banana,50.33%
2025-04-09 16:45:58,Mysuru,81.19%
2025-04-09 16:45:58,Mysuru,76.38%
2025-04-09 16:45:58,No banana,59.81%
2025-04-09 16:45:59,No banana,41.67%
2025-04-09 16:45:59,No banana,35.69%
2025-04-09 16:45:59,No banana,43.61%
2025-04-09 16:45:59,No banana,65.86%
2025-04-09 16:45:59,Mysuru,85.67%
2025-04-09 16:46:00,Mysuru,90.42%
2025-04-09 16:46:00,Mysuru,99.51%
2025-04-09 16:46:00,Mysuru,100.00%
2025-04-09 16:46:00,Mysuru,100.00%
2025-04-09 16:46:00,Mysuru,100.00%
2025-04-09 16:46:00,Mysuru,100.00%
2025-04-09 16:46:01,Mysuru,100.00%
2025-04-09 16:46:01,Mysuru,100.00%
2025-04-09 16:46:01,Mysuru,99.63%
2025-04-09 16:46:01,Mysuru,99.99%
2025-04-09 16:46:01,Mysuru,99.81%
2025-04-09 16:46:02,Mysuru,99.96%
2025-04-09 16:46:02,Mysuru,99.94%
2025-04-09 16:46:02,Mysuru,99.98%
2025-04-09 16:46:02,Mysuru,99.99%
2025-04-09 16:46:02,Mysuru,99.99%
2025-04-09 16:46:03,Mysuru,99.97%
2025-04-09 16:46:03,Mysuru,99.93%
2025-04-09 16:46:03,Mysuru,99.61%
2025-04-09 16:46:03,Mysuru,99.39%
2025-04-09 16:46:03,Mysuru,98.73%
2025-04-09 16:46:03,Mysuru,79.39%
2025-04-09 16:46:04,Mysuru,83.09%
2025-04-09 16:46:04,Mysuru,95.60%
2025-04-09 16:46:04,Mysuru,94.67%
2025-04-09 16:46:04,Mysuru,75.45%
2025-04-09 16:46:04,No banana,23.44%
2025-04-09 16:46:04,No banana,36.28%
2025-04-09 16:46:05,No banana,31.24%
2025-04-09 16:46:05,No banana,40.50%
2025-04-09 16:46:05,No banana,42.24%
2025-04-09 16:46:05,No banana,31.34%
2025-04-09 16:46:05,No banana,35.48%
2025-04-09 16:46:06,No banana,45.92%
2025-04-09 16:46:06,No banana,34.55%
2025-04-09 16:46:06,No banana,35.34%
2025-04-09 16:46:06,No banana,34.24%
2025-04-09 16:46:06,No banana,38.19%
2025-04-09 16:46:06,No banana,42.32%
2025-04-09 16:46:07,No banana,35.12%
2025-04-09 16:46:07,No banana,32.55%
2025-04-09 16:46:07,No banana,32.55%
2025-04-09 16:46:07,No banana,44.07%
2025-04-09 16:46:07,No banana,54.03%
2025-04-09 16:46:07,No banana,36.95%
2025-04-09 16:46:08,No banana,53.53%
2025-04-09 16:46:08,No banana,48.44%
2025-04-09 16:46:08,No banana,47.93%
2025-04-09 16:46:08,No banana,30.55%
2025-04-09 16:46:08,No banana,43.18%
2025-04-09 16:46:09,Nendra,70.98%
2025-04-09 16:46:09,Nendra,98.39%
2025-04-09 16:46:09,Nendra,99.91%
2025-04-09 16:46:09,Nendra,99.80%
2025-04-09 16:46:09,Nendra,99.94%
2025-04-09 16:46:09,Nendra,99.95%
2025-04-09 16:46:09,Nendra,99.98%
2025-04-09 16:46:10,Nendra,99.93%
2025-04-09 16:46:10,Nendra,100.00%
2025-04-09 16:46:10,Nendra,100.00%
2025-04-09 16:46:10,Nendra,100.00%
2025-04-09 16:46:10,Nendra,100.00%
2025-04-09 16:46:11,Nendra,100.00%
2025-04-09 16:46:11,Nendra,100.00%
2025-04-09 16:46:11,Nendra,100.00%
2025-04-09 16:46:11,Nendra,100.00%
2025-04-09 16:46:11,Nendra,100.00%
2025-04-09 16:46:12,Nendra,99.99%
2025-04-09 16:46:12,Nendra,100.00%
2025-04-09 16:46:12,Nendra,100.00%
2025-04-09 16:46:12,Nendra,100.00%
2025-04-09 16:46:12,Nendra,100.00%
2025-04-09 16:46:12,Nendra,99.99%
2025-04-09 16:46:13,Nendra,100.00%
2025-04-09 16:46:13,Nendra,100.00%
2025-04-09 16:46:13,Nendra,100.00%
2025-04-09 16:46:13,Nendra,100.00%
2025-04-09 16:46:13,Nendra,100.00%
2025-04-09 16:46:14,Nendra,100.00%
2025-04-09 16:46:14,Nendra,99.14%
2025-04-09 16:46:14,No banana,39.65%
2025-04-09 16:46:14,No banana,46.54%
2025-04-09 16:46:14,No banana,38.63%
2025-04-09 16:46:15,No banana,34.14%
2025-04-09 16:46:15,No banana,47.40%
2025-04-09 16:46:15,No banana,54.90%
2025-04-09 16:46:15,Nendra,94.09%
2025-04-09 16:46:15,No banana,67.82%
2025-04-09 16:46:15,Nendra,97.78%
2025-04-09 16:46:15,Nendra,98.81%
2025-04-09 16:46:15,No banana,56.06%
2025-04-09 16:46:16,No banana,56.80%
2025-04-09 16:46:16,No banana,36.72%
2025-04-09 16:46:16,No banana,38.21%
2025-04-09 16:46:16,No banana,52.57%
2025-04-09 16:46:16,Mysuru,83.78%
2025-04-09 16:46:17,No banana,54.91%
2025-04-09 16:46:17,No banana,49.24%
2025-04-09 16:46:17,No banana,47.17%
2025-04-09 16:46:17,Nendra,82.24%
2025-04-09 16:46:17,Nendra,91.44%
2025-04-09 16:46:17,Nendra,97.76%
2025-04-09 16:46:18,Nendra,94.01%
2025-04-09 16:46:18,Nendra,96.45%
2025-04-09 16:46:18,Nendra,93.90%
2025-04-09 16:46:18,Nendra,93.69%
